{
  "providers": [
    {"type": "bitmap", "ascent":  20, "height":  20, "chars": ["\uE001"], "file": "infuse:custom/empty.png"},
    {"type": "bitmap", "ascent":  18, "height":  24, "chars": ["\uE002"], "file": "infuse:custom/strength.png"},
    {"type": "bitmap", "ascent":  18, "height":  24, "chars": ["\uE003"], "file": "infuse:custom/heart.png"},
    {"type": "bitmap", "ascent":  18, "height":  24, "chars": ["\uE004"], "file": "infuse:custom/haste.png"},
    {"type": "bitmap", "ascent":  18, "height":  24, "chars": ["\uE005"], "file": "infuse:custom/invis.png"},
    {"type": "bitmap", "ascent":  18, "height":  24, "chars": ["\uE006"], "file": "infuse:custom/feather.png"},
    {"type": "bitmap", "ascent":  18, "height":  24, "chars": ["\uE007"], "file": "infuse:custom/frost.png"},
    {"type": "bitmap", "ascent":  18, "height":  24, "chars": ["\uE008"], "file": "infuse:custom/thunder.png"},
    {"type": "bitmap", "ascent":  18, "height":  24, "chars": ["\uE009"], "file": "infuse:custom/regen.png"},
    {"type": "bitmap", "ascent":  18, "height":  24, "chars": ["\uE010"], "file": "infuse:custom/ocean.png"},
    {"type": "bitmap", "ascent":  18, "height":  24, "chars": ["\uE011"], "file": "infuse:custom/fire.png"},
    {"type": "bitmap", "ascent":  18, "height":  24, "chars": ["\uE012"], "file": "infuse:custom/emerald.png"},
    {"type": "bitmap", "ascent":  18, "height":  24, "chars": ["\uE013"], "file": "infuse:custom/speed.png"},
    {"type": "bitmap", "ascent":  18, "height":  24, "chars": ["\uE014"], "file": "infuse:custom/strengthspark.png"},
    {"type": "bitmap", "ascent":  18, "height":  24, "chars": ["\uE015"], "file": "infuse:custom/heartspark.png"},
    {"type": "bitmap", "ascent":  18, "height":  24, "chars": ["\uE016"], "file": "infuse:custom/hastespark.png"},
    {"type": "bitmap", "ascent":  18, "height":  24, "chars": ["\uE017"], "file": "infuse:custom/invisspark.png"},
    {"type": "bitmap", "ascent":  18, "height":  24, "chars": ["\uE018"], "file": "infuse:custom/featherspark.png"},
    {"type": "bitmap", "ascent":  18, "height":  24, "chars": ["\uE019"], "file": "infuse:custom/frostspark.png"},
    {"type": "bitmap", "ascent":  18, "height":  24, "chars": ["\uE020"], "file": "infuse:custom/thunderspark.png"},
    {"type": "bitmap", "ascent":  18, "height":  24, "chars": ["\uE021"], "file": "infuse:custom/regenspark.png"},
    {"type": "bitmap", "ascent":  18, "height":  24, "chars": ["\uE022"], "file": "infuse:custom/oceanspark.png"},
    {"type": "bitmap", "ascent":  18, "height":  24, "chars": ["\uE023"], "file": "infuse:custom/firespark.png"},
    {"type": "bitmap", "ascent":  18, "height":  24, "chars": ["\uE024"], "file": "infuse:custom/emeraldspark.png"},
    {"type": "bitmap", "ascent":  18, "height":  24, "chars": ["\uE025"], "file": "infuse:custom/speedspark.png"},
    {"type": "bitmap", "ascent":  18, "height":  24, "chars": ["\uE026"], "file": "infuse:custom/aug_strength.png"},
    {"type": "bitmap", "ascent":  18, "height":  24, "chars": ["\uE027"], "file": "infuse:custom/aug_heart.png"},
    {"type": "bitmap", "ascent":  18, "height":  24, "chars": ["\uE028"], "file": "infuse:custom/aug_haste.png"},
    {"type": "bitmap", "ascent":  18, "height":  24, "chars": ["\uE029"], "file": "infuse:custom/aug_invis.png"},
    {"type": "bitmap", "ascent":  18, "height":  24, "chars": ["\uE030"], "file": "infuse:custom/aug_feather.png"},
    {"type": "bitmap", "ascent":  18, "height":  24, "chars": ["\uE031"], "file": "infuse:custom/aug_frost.png"},
    {"type": "bitmap", "ascent":  18, "height":  24, "chars": ["\uE032"], "file": "infuse:custom/aug_thunder.png"},
    {"type": "bitmap", "ascent":  18, "height":  24, "chars": ["\uE033"], "file": "infuse:custom/aug_regen.png"},
    {"type": "bitmap", "ascent":  18, "height":  24, "chars": ["\uE034"], "file": "infuse:custom/aug_ocean.png"},
    {"type": "bitmap", "ascent":  18, "height":  24, "chars": ["\uE035"], "file": "infuse:custom/aug_fire.png"},
    {"type": "bitmap", "ascent":  18, "height":  24, "chars": ["\uE036"], "file": "infuse:custom/aug_emerald.png"},
    {"type": "bitmap", "ascent":  18, "height":  24, "chars": ["\uE037"], "file": "infuse:custom/aug_speed.png"},
    {"type": "bitmap", "ascent":  18, "height":  24, "chars": ["\uE038"], "file": "infuse:custom/aug_strengthspark.png"},
    {"type": "bitmap", "ascent":  18, "height":  24, "chars": ["\uE039"], "file": "infuse:custom/aug_heartspark.png"},
    {"type": "bitmap", "ascent":  18, "height":  24, "chars": ["\uE040"], "file": "infuse:custom/aug_hastespark.png"},
    {"type": "bitmap", "ascent":  18, "height":  24, "chars": ["\uE041"], "file": "infuse:custom/aug_invisspark.png"},
    {"type": "bitmap", "ascent":  18, "height":  24, "chars": ["\uE042"], "file": "infuse:custom/aug_featherspark.png"},
    {"type": "bitmap", "ascent":  18, "height":  24, "chars": ["\uE043"], "file": "infuse:custom/aug_frostspark.png"},
    {"type": "bitmap", "ascent":  18, "height":  24, "chars": ["\uE044"], "file": "infuse:custom/aug_thunderspark.png"},
    {"type": "bitmap", "ascent":  18, "height":  24, "chars": ["\uE045"], "file": "infuse:custom/aug_regenspark.png"},
    {"type": "bitmap", "ascent":  18, "height":  24, "chars": ["\uE046"], "file": "infuse:custom/aug_oceanspark.png"},
    {"type": "bitmap", "ascent":  18, "height":  24, "chars": ["\uE047"], "file": "infuse:custom/aug_firespark.png"},
    {"type": "bitmap", "ascent":  18, "height":  24, "chars": ["\uE048"], "file": "infuse:custom/aug_emeraldspark.png"},
    {"type": "bitmap", "ascent":  18, "height":  24, "chars": ["\uE049"], "file": "infuse:custom/aug_speedspark.png"},
    {"type": "bitmap", "ascent":  18, "height":  24, "chars": ["\uE050"], "file": "infuse:custom/enderspark.png"},
    {"type": "bitmap", "ascent":  16, "height":  20, "chars": ["\uE051"], "file": "infuse:custom/ender.png"},
    {"type": "bitmap", "ascent":  18, "height":  24, "chars": ["\uE052"], "file": "infuse:custom/aug_enderspark.png"},
    {"type": "bitmap", "ascent":  16, "height":  20, "chars": ["\uE053"], "file": "infuse:custom/aug_ender.png"},
    {"type": "bitmap", "ascent":  18, "height":  24, "chars": ["\uE054"], "file": "infuse:custom/apohisspark.png"},
    {"type": "bitmap", "ascent":  18, "height":  24, "chars": ["\uE055"], "file": "infuse:custom/apohis.png"},
    {"type": "bitmap", "ascent":  18, "height":  24, "chars": ["\uE056"], "file": "infuse:custom/aug_apohisspark.png"},
    {"type": "bitmap", "ascent":  18, "height":  24, "chars": ["\uE057"], "file": "infuse:custom/aug_apohis.png"},
    {"type": "bitmap", "ascent":  18, "height":  24, "chars": ["\uE058"], "file": "infuse:custom/emptyaug.png"},
    {"type": "bitmap", "ascent":  18, "height":  24, "chars": ["\uE059"], "file": "infuse:custom/thief.png"},
    {"type": "bitmap", "ascent":  18, "height":  24, "chars": ["\uE060"], "file": "infuse:custom/thiefspark.png"},
    {"type": "bitmap", "ascent":  18, "height":  24, "chars": ["\uE061"], "file": "infuse:custom/aug_thief.png"},
    {"type": "bitmap", "ascent":  18, "height":  24, "chars": ["\uE062"], "file": "infuse:custom/aug_thiefspark.png"},
    {"type": "bitmap", "ascent": 250, "height": 420, "chars": ["\uE090"], "file": "infuse:chat/apohpis.png"}
  ]
}